"task_id","title","description","type","status","priority","assignee","due_date","estimated_hours","sprint","epic_id","dependencies","skills_required","risk_level","business_value"
"TASK-INF-001","Design and Implement VPC Networking Module","Create Terraform module for VPC, Public/Private Subnets, NAT Gateways, and Security Groups following AWS Well-Architected Framework.","Task","Sprint Backlog","Critical","devops.lead@company.com","2025-02-03","6.3","Sprint 1","EPIC-CORE","None","Terraform,AWS Networking","Low","Foundation for all resources"
"TASK-INF-002","Implement EKS Cluster with Worker Groups","Develop Terraform configuration for EKS Control Plane, Managed Node Groups, and IRSA.","Task","Sprint Backlog","Critical","devops.lead@company.com","2025-02-05","12.7","Sprint 1","EPIC-CORE","TASK-INF-001","Terraform,Kubernetes","Medium","Compute layer for microservices"
"TASK-INF-003","Provision RDS with pgvector Extension","Configure RDS PostgreSQL instance, security groups, parameter groups for pgvector.","Task","Sprint Backlog","Critical","devops.lead@company.com","2025-02-04","6.7","Sprint 1","EPIC-CORE","TASK-INF-001","Terraform,PostgreSQL","Low","Primary data store"
"TASK-INF-004","Configure Helm Charts & Cluster Autoscaler","Deploy Cluster Autoscaler and Metrics Server via Helm to support HPA requirements.","Task","Sprint Backlog","High","devops.lead@company.com","2025-02-07","12.8","Sprint 1","EPIC-CORE","TASK-INF-002","Helm,Kubernetes,AWS IAM","Medium","Scalability infrastructure"
"TASK-SEC-001","Deploy Cognito User Pool with Terraform","Provision User Pool with MFA enabled, Client App configuration, and Custom Attributes.","Task","Sprint Backlog","Critical","backend.security@company.com","2025-02-03","4","Sprint 1","EPIC-CORE","None","Terraform,AWS Cognito","Low","Identity management foundation"
"TASK-SEC-002","Implement NestJS JWT Strategy & Guard","Create Passport strategy to validate Cognito JWTs and implement global AuthGuard.","Task","Sprint Backlog","Critical","backend.security@company.com","2025-02-05","8.3","Sprint 1","EPIC-CORE","TASK-SEC-001","NestJS,Passport.js","Medium","API Security"
"TASK-SEC-003","Implement RBAC Decorators and Logic","Create custom @Roles() decorator and RoleGuard to enforce permissions.","Task","Sprint Backlog","High","backend.security@company.com","2025-02-06","5.1","Sprint 1","EPIC-CORE","TASK-SEC-002","NestJS,TypeScript","Low","Authorization enforcement"
"TASK-SEC-004","Write Auth Service Integration Tests","Create comprehensive test suite for Auth flow including token validation.","Task","Sprint Backlog","Medium","qa.engineer@company.com","2025-02-07","6.3","Sprint 1","EPIC-CORE","TASK-SEC-003","Jest,NestJS","Low","Security assurance"
"TASK-AUD-001","Setup OpenSearch Infrastructure","Provision OpenSearch domain via Terraform and configure access policies.","Task","Sprint Backlog","Medium","devops.lead@company.com","2025-02-06","4","Sprint 1","EPIC-OBSERVABILITY","TASK-INF-001","Terraform,AWS OpenSearch","Low","Compliance logging infra"
"TASK-AUD-002","Implement Audit Interceptor","NestJS Interceptor to capture POST/PUT/DELETE requests and push to OpenSearch.","Task","Sprint Backlog","Medium","backend.dev1@company.com","2025-02-07","8.3","Sprint 1","EPIC-OBSERVABILITY","TASK-AUD-001","NestJS,OpenSearch","Low","SOC 2 Audit Trail"
"TASK-ENT-001","Design Database Schema & Entities","Create TypeORM entities for Vendor, Skill, and VendorSkills with migrations.","Task","Sprint Backlog","High","backend.dev1@company.com","2025-02-05","4","Sprint 1","EPIC-ENTITY","TASK-INF-003","TypeORM,PostgreSQL","Low","Data structure foundation"
"TASK-ENT-002","Implement Vendor DTOs and Validation","Define Data Transfer Objects with class-validator decorators.","Task","Sprint Backlog","High","backend.dev1@company.com","2025-02-06","3.1","Sprint 1","EPIC-ENTITY","TASK-ENT-001","NestJS,TypeScript","Low","Data integrity"
"TASK-ENT-003","Implement Vendor Service CRUD Logic","Implement service methods for create, read, update, delete vendors.","Task","Sprint Backlog","High","backend.dev1@company.com","2025-02-10","8.3","Sprint 1","EPIC-ENTITY","TASK-ENT-002","NestJS,TypeORM","Medium","Core entity management"
"TASK-ENT-004","Implement Vendor Controller & Tests","Expose REST endpoints, apply RBAC guards, and write e2e tests.","Task","Sprint Backlog","High","qa.engineer@company.com","2025-02-12","8.7","Sprint 2","EPIC-ENTITY","TASK-ENT-003,TASK-SEC-003","NestJS,Jest","Low","API accessibility"
"TASK-IMP-001","Setup SQS Queue & Producer Service","Provision SQS queue via Terraform and create NestJS producer service.","Task","Sprint Backlog","High","backend.dev1@company.com","2025-02-13","5.1","Sprint 2","EPIC-ENTITY","None","Terraform,NestJS,AWS SQS","Low","Async processing infra"
"TASK-IMP-002","Implement Stream-based CSV Parser Consumer","Create SQS Consumer that downloads from S3 and parses via streams (RISK-003 mitigation).","Task","Sprint Backlog","High","backend.dev1@company.com","2025-02-17","12.7","Sprint 2","EPIC-ENTITY","TASK-IMP-001","Node.js Streams,NestJS","Medium","Bulk data ingestion"
"TASK-IMP-003","Implement Bulk Insert & Error Reporting","Batch insert valid records and generate error CSV for failed rows.","Task","Sprint Backlog","High","backend.dev1@company.com","2025-02-19","10.3","Sprint 2","EPIC-ENTITY","TASK-IMP-002","TypeORM,S3 SDK","Medium","Data quality & feedback"
"TASK-IMP-004","Integration Testing for Bulk Import","Create test suite verifying the full flow: Upload -> Queue -> Process -> DB.","Task","Sprint Backlog","Medium","qa.engineer@company.com","2025-02-20","6.3","Sprint 2","EPIC-ENTITY","TASK-IMP-003","Jest,LocalStack","Low","Stability verification"
"TASK-AI-001","Implement Document Text Extraction Service","Service to download file from S3 and extract raw text from PDF/DOCX.","Task","Sprint Backlog","Critical","backend.ai@company.com","2025-02-12","6.3","Sprint 2","EPIC-AI-SOW","None","Node.js,File Parsing","Low","Data ingestion entry point"
"TASK-AI-002","Implement PII Redaction Service with Comprehend","Integrate AWS Comprehend to identify and redact PII (RISK-002 mitigation).","Task","Sprint Backlog","Critical","backend.ai@company.com","2025-02-14","12.7","Sprint 2","EPIC-AI-SOW","TASK-AI-001","AWS Comprehend,Regex","High","Compliance & Privacy"
"TASK-AI-003","Implement LLM Structure Extraction Service","Send sanitized text to OpenAI API to extract structured JSON.","Task","Sprint Backlog","Critical","backend.ai@company.com","2025-02-18","12.3","Sprint 2","EPIC-AI-SOW","TASK-AI-002","OpenAI API,Prompt Engineering","Medium","Automated data structuring"
"TASK-AI-004","Create SOW Processor Orchestrator","Implement SQS Consumer that coordinates extraction -> redaction -> structuring.","Task","Sprint Backlog","Critical","backend.ai@company.com","2025-02-20","10.3","Sprint 2","EPIC-AI-SOW","TASK-AI-003","NestJS,SQS","Medium","Pipeline automation"
"TASK-AI-005","Pipeline Integration & Resilience Testing","Develop comprehensive test suite for the AI pipeline including failure injection.","Task","Sprint Backlog","High","qa.engineer@company.com","2025-02-21","14.7","Sprint 2","EPIC-AI-SOW","TASK-AI-004","Jest,Integration Testing","Medium","Reliability assurance"
"TASK-FIN-001","Implement Stripe Service Wrapper","Create NestJS service wrapping Stripe SDK for creating Payment Links/Invoices.","Task","Sprint Backlog","High","backend.finance@company.com","2025-02-14","6.3","Sprint 2","EPIC-FINANCE","None","Stripe API,NestJS","Medium","Revenue core capability"
"TASK-FIN-002","Implement Secure Webhook Endpoint","Create webhook controller with signature verification (RISK-005 mitigation).","Task","Sprint Backlog","High","backend.finance@company.com","2025-02-17","8.7","Sprint 2","EPIC-FINANCE","TASK-FIN-001","NestJS,Security","Medium","Payment confirmation"
"TASK-FIN-003","Implement Idempotent Event Processing","Logic to process payment events with deduplication checks.","Task","Sprint Backlog","High","backend.finance@company.com","2025-02-19","10.3","Sprint 2","EPIC-FINANCE","TASK-FIN-002","NestJS,Database","Medium","Data consistency"
"TASK-VEC-001","Implement Embedding Generation Service","Service to generate vector embeddings using OpenAI.","Task","Sprint Backlog","High","backend.ai@company.com","2025-02-26","6.3","Sprint 3","EPIC-AI-SOW","None","OpenAI API,NestJS","Low","Matching foundation"
"TASK-VEC-002","Implement pgvector Similarity Search","Create repository method for cosine similarity search and HNSW tuning.","Task","Sprint Backlog","High","backend.ai@company.com","2025-02-28","10.3","Sprint 3","EPIC-AI-SOW","TASK-INF-003","PostgreSQL,TypeORM","Medium","Search capability"
"TASK-VEC-003","Matching Service Business Logic","Service to coordinate embedding and search to return vendor lists.","Task","Sprint Backlog","High","backend.ai@company.com","2025-03-03","6.3","Sprint 3","EPIC-AI-SOW","TASK-VEC-001,TASK-VEC-002","NestJS","Low","Vendor recommendation"
"TASK-VEC-004","Load Testing for Vector Search","Performance testing with k6 to verify search latency (RISK-004 mitigation).","Task","Sprint Backlog","Medium","qa.engineer@company.com","2025-03-05","9.3","Sprint 3","EPIC-AI-SOW","TASK-VEC-003","k6,Performance Testing","Medium","Scalability proof"
"TASK-PAY-001","Design Saga State Machine for Payouts","Define states and transitions for the Saga pattern payout logic.","Task","Sprint Backlog","High","backend.finance@company.com","2025-02-25","8","Sprint 3","EPIC-FINANCE","None","Architecture,System Design","High","Architecture safety"
"TASK-PAY-002","Implement Payout Ledger Service","Service to manage internal double-entry ledger with atomic updates.","Task","Sprint Backlog","High","backend.finance@company.com","2025-02-27","12.7","Sprint 3","EPIC-FINANCE","TASK-PAY-001","Database Design,NestJS","Medium","Financial record truth"
"TASK-PAY-003","Implement Wise/Stripe Payout Adapter","Integration service for external payout provider with idempotency.","Task","Sprint Backlog","High","backend.finance@company.com","2025-03-03","12.3","Sprint 3","EPIC-FINANCE","TASK-PAY-001","Wise/Stripe API,NestJS","Medium","Money movement"
"TASK-PAY-004","Implement Saga Coordinator","Orchestrator managing flow between Ledger and Provider with rollback logic (RISK-001).","Task","Sprint Backlog","Critical","backend.finance@company.com","2025-03-06","16.3","Sprint 3","EPIC-FINANCE","TASK-PAY-002,TASK-PAY-003","NestJS,Saga Pattern","High","Transaction consistency"
"TASK-PAY-005","Financial Transaction Testing Suite","Comprehensive test suite for payouts including double spend checks and rollbacks.","Task","Sprint Backlog","High","qa.engineer@company.com","2025-03-07","10.3","Sprint 3","EPIC-FINANCE","TASK-PAY-004","Jest,Simulation","Medium","Financial safety verification"
"TASK-UI-001","Develop Split-Pane Layout & Read-Only View","Create responsive split-pane layout for SOW Review.","Task","Sprint Backlog","Medium","frontend.dev@company.com","2025-03-04","6.3","Sprint 3","EPIC-AI-SOW","None","React,Tailwind CSS","Low","User Interface"
"TASK-UI-002","Implement Extracted Data Form","Create editable form for structured data with Zod validation.","Task","Sprint Backlog","Medium","frontend.dev@company.com","2025-03-06","4","Sprint 3","EPIC-AI-SOW","TASK-UI-001","React,React Hook Form","Low","Data correction UI"